<?xml version="1.0" encoding="UTF-8"?>
<project name="JCL">
	<bannerLeft>
		<name>Jar Class Loader</name>
		<href>http://jcloader.sourceforge.net</href>
	</bannerLeft>
	<body>
		<links>
			<item name="Maven" href="http://maven.apache.org/" />
			<item name="Kamran Zafar" href="http://www.xeustechnologies.org/" />
		</links>

		<menu name="JCL">
			<item name="Overview" href="/index.html" />
			<item name="Downloads" href="/downloads.html" />
			<item name="Getting Started" href="/gettingstarted.html" />
			<item name="FAQs" href="/faqs.html" />
		</menu>

		<menu ref="reports" />

		<menu name="Kamran Zafar">
			<item name="JCL" href="/index.html" />
			<item name="Bottomline" href="http://bottomline.sourceforge.net" />
			<item name="Hotfusion" href="http://hotfusion.xtreemhost.com/" />
			<item name="Elk" href="http://elk-wc.sourceforge.net" />
			<item name="More..." href="http://xeustech.blogspot.com" />
		</menu>
	</body>
</project>